family,generation,size,base_id,instruct_id,condition,n_items,n_decrease,n_increase,n_unchanged,mean_difference,sd_difference,cohens_d,n_base_stereo,n_instruct_stereo
llama,Llama 2,7B,meta-llama/Llama-2-7b-hf,meta-llama/Llama-2-7b-chat-hf,without_template,1508,143,102,1263,-0.027188328912466843,0.4022871559996358,-0.06758438221798822,1029,988
llama,Llama 2,7B,meta-llama/Llama-2-7b-hf,meta-llama/Llama-2-7b-chat-hf,with_template,1508,231,150,1127,-0.05371352785145889,0.4999331104853362,-0.10744142911301409,1029,948
llama,Llama 2,13B,meta-llama/Llama-2-13b-hf,meta-llama/Llama-2-13b-chat-hf,without_template,1508,109,113,1286,0.002652519893899204,0.38380398765848045,0.0069111316692714786,1024,1028
llama,Llama 2,13B,meta-llama/Llama-2-13b-hf,meta-llama/Llama-2-13b-chat-hf,with_template,1508,195,177,1136,-0.011936339522546418,0.4966945456961946,-0.0240315494220211,1024,1006
llama,Llama 3,8B,meta-llama/Meta-Llama-3-8B,meta-llama/Meta-Llama-3-8B-Instruct,without_template,1508,122,77,1309,-0.029840848806366047,0.36215930772200766,-0.08239702299539348,1026,981
llama,Llama 3,8B,meta-llama/Meta-Llama-3-8B,meta-llama/Meta-Llama-3-8B-Instruct,with_template,1508,221,150,1137,-0.047082228116710874,0.4939294132745618,-0.09532177443042687,1026,955
llama,Llama 3.1,8B,meta-llama/Llama-3.1-8B,meta-llama/Llama-3.1-8B-Instruct,without_template,1508,130,76,1302,-0.03580901856763926,0.3679840820874901,-0.09731132489346504,1028,974
llama,Llama 3.1,8B,meta-llama/Llama-3.1-8B,meta-llama/Llama-3.1-8B-Instruct,with_template,1508,208,150,1150,-0.038461538461538464,0.48587837039974974,-0.07915877883161328,1028,970
llama,Llama 3.2,1B,meta-llama/Llama-3.2-1B,meta-llama/Llama-3.2-1B-Instruct,without_template,1508,185,90,1233,-0.0629973474801061,0.4225049733999637,-0.1491043927202953,986,891
llama,Llama 3.2,1B,meta-llama/Llama-3.2-1B,meta-llama/Llama-3.2-1B-Instruct,with_template,1508,256,148,1104,-0.07161803713527852,0.5127862477603088,-0.13966450435846103,986,878
llama,Llama 3.2,3B,meta-llama/Llama-3.2-3B,meta-llama/Llama-3.2-3B-Instruct,without_template,1508,136,99,1273,-0.02453580901856764,0.39412757599807546,-0.062253469467174374,995,958
llama,Llama 3.2,3B,meta-llama/Llama-3.2-3B,meta-llama/Llama-3.2-3B-Instruct,with_template,1508,248,173,1087,-0.04973474801061008,0.5262012792302702,-0.09451658514278474,995,920
qwen,Qwen 2.5,0.5B,Qwen/Qwen2.5-0.5B,Qwen/Qwen2.5-0.5B-Instruct,without_template,1508,117,115,1276,-0.001326259946949602,0.3923601424798891,-0.0033802106874746616,863,861
qwen,Qwen 2.5,0.5B,Qwen/Qwen2.5-0.5B,Qwen/Qwen2.5-0.5B-Instruct,with_template,1508,167,148,1193,-0.012599469496021221,0.45701827109992116,-0.027568852916312638,863,844
qwen,Qwen 2.5,1.5B,Qwen/Qwen2.5-1.5B,Qwen/Qwen2.5-1.5B-Instruct,without_template,1508,83,68,1357,-0.009946949602122016,0.3163859408077237,-0.03143929081275785,917,902
qwen,Qwen 2.5,1.5B,Qwen/Qwen2.5-1.5B,Qwen/Qwen2.5-1.5B-Instruct,with_template,1508,166,199,1143,0.021883289124668436,0.49165420399891996,0.044509512878520015,917,950
qwen,Qwen 2.5,3B,Qwen/Qwen2.5-3B,Qwen/Qwen2.5-3B-Instruct,without_template,1508,80,64,1364,-0.010610079575596816,0.3089359682302316,-0.03434394394533483,959,943
qwen,Qwen 2.5,3B,Qwen/Qwen2.5-3B,Qwen/Qwen2.5-3B-Instruct,with_template,1508,251,200,1057,-0.033819628647214856,0.5460087423670086,-0.0619397200502743,959,908
qwen,Qwen 2.5,7B,Qwen/Qwen2.5-7B,Qwen/Qwen2.5-7B-Instruct,without_template,1508,107,78,1323,-0.019230769230769232,0.3498433697232069,-0.054969654694283485,955,926
qwen,Qwen 2.5,7B,Qwen/Qwen2.5-7B,Qwen/Qwen2.5-7B-Instruct,with_template,1508,269,199,1040,-0.046419098143236075,0.5553328737046841,-0.08358788096510365,955,885
qwen,Qwen 2.5,14B,Qwen/Qwen2.5-14B,Qwen/Qwen2.5-14B-Instruct,without_template,1508,78,70,1360,-0.005305039787798408,0.31333719673825206,-0.016930769289514012,970,962
qwen,Qwen 2.5,14B,Qwen/Qwen2.5-14B,Qwen/Qwen2.5-14B-Instruct,with_template,1508,289,223,996,-0.04376657824933687,0.5812323622688282,-0.07529962385180164,970,904
qwen,Qwen 3,0.6B,Qwen/Qwen3-0.6B-Base,Qwen/Qwen3-0.6B,without_template,1508,161,173,1174,0.007957559681697613,0.4707111826174882,0.016905397567671825,846,858
qwen,Qwen 3,0.6B,Qwen/Qwen3-0.6B-Base,Qwen/Qwen3-0.6B,with_template,1508,176,245,1087,0.045755968169761276,0.5265624131236387,0.08689562154338125,846,915
qwen,Qwen 3,1.7B,Qwen/Qwen3-1.7B-Base,Qwen/Qwen3-1.7B,without_template,1508,174,139,1195,-0.023209549071618037,0.4551465384410529,-0.05099357484100466,918,883
qwen,Qwen 3,1.7B,Qwen/Qwen3-1.7B-Base,Qwen/Qwen3-1.7B,with_template,1508,209,171,1128,-0.025198938992042442,0.5015188876176329,-0.050245244225486825,918,880
qwen,Qwen 3,4B,Qwen/Qwen3-4B-Base,Qwen/Qwen3-4B,without_template,1508,218,134,1156,-0.05570291777188329,0.4800747528796563,-0.11602967545732765,979,895
qwen,Qwen 3,4B,Qwen/Qwen3-4B-Base,Qwen/Qwen3-4B,with_template,1508,246,149,1113,-0.0643236074270557,0.5079073543572714,-0.12664437101615442,979,882
qwen,Qwen 3,8B,Qwen/Qwen3-8B-Base,Qwen/Qwen3-8B,without_template,1508,202,126,1180,-0.050397877984084884,0.4637988040510205,-0.10866323402278724,949,873
qwen,Qwen 3,8B,Qwen/Qwen3-8B-Base,Qwen/Qwen3-8B,with_template,1508,202,174,1132,-0.01856763925729443,0.49915662521585186,-0.037198022262581745,949,921
qwen,Qwen 3,14B,Qwen/Qwen3-14B-Base,Qwen/Qwen3-14B,without_template,1508,183,115,1210,-0.04509283819628647,0.44239026734484294,-0.10192999603478309,993,925
qwen,Qwen 3,14B,Qwen/Qwen3-14B-Base,Qwen/Qwen3-14B,with_template,1508,225,163,1120,-0.04111405835543767,0.5057407192466865,-0.08129473619739001,993,931
gemma,Gemma 1,2B,google/gemma-2b,google/gemma-2b-it,without_template,1508,207,193,1108,-0.009283819628647215,0.5151133430175768,-0.01802286769405317,939,925
gemma,Gemma 1,2B,google/gemma-2b,google/gemma-2b-it,with_template,1508,221,185,1102,-0.023872679045092837,0.5184970006832914,-0.04604207741536148,939,903
gemma,Gemma 1,7B,google/gemma-7b,google/gemma-7b-it,without_template,1508,217,206,1085,-0.007294429708222812,0.5297517048527851,-0.013769525687982242,932,921
gemma,Gemma 1,7B,google/gemma-7b,google/gemma-7b-it,with_template,1508,267,196,1045,-0.047082228116710874,0.5522813648026134,-0.08525043776108247,932,861
gemma,Gemma 2,2B,google/gemma-2-2b,google/gemma-2-2b-it,without_template,1508,158,111,1239,-0.03116710875331565,0.42134107149977373,-0.07397120969568803,916,869
gemma,Gemma 2,2B,google/gemma-2-2b,google/gemma-2-2b-it,with_template,1508,196,152,1160,-0.029177718832891247,0.4796566043637085,-0.060830432787633844,916,872
gemma,Gemma 2,9B,google/gemma-2-9b,google/gemma-2-9b-it,without_template,1508,176,118,1214,-0.038461538461538464,0.4400105798701113,-0.08741048561353253,934,876
gemma,Gemma 2,9B,google/gemma-2-9b,google/gemma-2-9b-it,with_template,1508,192,167,1149,-0.016578249336870028,0.4877977159198825,-0.0339859101340952,934,909
gemma,Gemma 3,1B,google/gemma-3-1b-pt,google/gemma-3-1b-it,without_template,1508,253,172,1083,-0.05371352785145889,0.5283277346983727,-0.10166706065908966,901,820
gemma,Gemma 3,1B,google/gemma-3-1b-pt,google/gemma-3-1b-it,with_template,1508,293,214,1001,-0.05238726790450928,0.5776536561012396,-0.09068975388831935,901,822
gemma,Gemma 3,4B,google/gemma-3-4b-pt,google/gemma-3-4b-it,without_template,1508,364,363,781,-0.000663129973474801,0.6945609798937693,-0.0009547469447192735,772,771
gemma,Gemma 3,4B,google/gemma-3-4b-pt,google/gemma-3-4b-it,with_template,1508,413,340,755,-0.04840848806366048,0.7052115131520835,-0.06864392761724647,772,699
gemma,Gemma 3,12B,google/gemma-3-12b-pt,google/gemma-3-12b-it,without_template,1508,381,351,776,-0.01989389920424403,0.6966614780598418,-0.028556048856967494,796,766
gemma,Gemma 3,12B,google/gemma-3-12b-pt,google/gemma-3-12b-it,with_template,1508,499,298,711,-0.133289124668435,0.7149038505667544,-0.18644342810962253,796,595
mistral,Mistral v0.1,7B,mistralai/Mistral-7B-v0.1,mistralai/Mistral-7B-Instruct-v0.1,without_template,1508,90,135,1283,0.029840848806366047,0.3852430198487859,0.07745980399094334,1016,1061
mistral,Mistral v0.1,7B,mistralai/Mistral-7B-v0.1,mistralai/Mistral-7B-Instruct-v0.1,with_template,1508,168,124,1216,-0.029177718832891247,0.439215821365902,-0.06643139298159269,1016,972
mistral,Mistral v0.3,7B,mistralai/Mistral-7B-v0.3,mistralai/Mistral-7B-Instruct-v0.3,without_template,1508,51,65,1392,0.009283819628647215,0.27728662836531626,0.03348094959853628,1023,1037
mistral,Mistral v0.3,7B,mistralai/Mistral-7B-v0.3,mistralai/Mistral-7B-Instruct-v0.3,with_template,1508,265,137,1106,-0.08488063660477453,0.5094562192763792,-0.16661026677687277,1023,895
mistral,Mistral Nemo,12B,mistralai/Mistral-Nemo-Base-2407,mistralai/Mistral-Nemo-Instruct-2407,without_template,1508,82,82,1344,0.0,0.3298870732360618,0.0,991,991
mistral,Mistral Nemo,12B,mistralai/Mistral-Nemo-Base-2407,mistralai/Mistral-Nemo-Instruct-2407,with_template,1508,188,159,1161,-0.019230769230769232,0.4794671254781415,-0.04010862936972296,991,962
mistral,Mistral Small 3,24B,mistralai/Mistral-Small-24B-Base-2501,mistralai/Mistral-Small-24B-Instruct-2501,without_template,1508,44,54,1410,0.006631299734748011,0.2549232381212209,0.02601292759193142,1022,1032
mistral,Mistral Small 3,24B,mistralai/Mistral-Small-24B-Base-2501,mistralai/Mistral-Small-24B-Instruct-2501,with_template,1508,185,109,1214,-0.050397877984084884,0.43880286053482276,-0.11485312088134253,1022,946
