model_a,model_b,layer,hidden_dim,cosine
Qwen__Qwen2.5-7B,google__gemma-2-9b,0,3584,-0.012546493671834469
Qwen__Qwen2.5-7B,google__gemma-2-9b,1,3584,-0.010699599981307983
Qwen__Qwen2.5-7B,google__gemma-2-9b,2,3584,0.015859374776482582
Qwen__Qwen2.5-7B,google__gemma-2-9b,3,3584,0.02740241400897503
Qwen__Qwen2.5-7B,google__gemma-2-9b,4,3584,0.000931949820369482
Qwen__Qwen2.5-7B,google__gemma-2-9b,5,3584,-9.47839580476284e-05
Qwen__Qwen2.5-7B,google__gemma-2-9b,6,3584,-0.006420842371881008
Qwen__Qwen2.5-7B,google__gemma-2-9b,7,3584,-0.021967530250549316
Qwen__Qwen2.5-7B,google__gemma-2-9b,8,3584,-0.006460785865783691
Qwen__Qwen2.5-7B,google__gemma-2-9b,9,3584,0.007950522936880589
Qwen__Qwen2.5-7B,google__gemma-2-9b,10,3584,-0.00015469991194549948
Qwen__Qwen2.5-7B,google__gemma-2-9b,11,3584,0.013350799679756165
Qwen__Qwen2.5-7B,google__gemma-2-9b,12,3584,0.006963625550270081
Qwen__Qwen2.5-7B,google__gemma-2-9b,13,3584,0.0010116215562447906
Qwen__Qwen2.5-7B,google__gemma-2-9b,14,3584,0.007456357125192881
Qwen__Qwen2.5-7B,google__gemma-2-9b,15,3584,0.0024817613884806633
Qwen__Qwen2.5-7B,google__gemma-2-9b,16,3584,-0.00743858190253377
Qwen__Qwen2.5-7B,google__gemma-2-9b,17,3584,0.0045051597990095615
Qwen__Qwen2.5-7B,google__gemma-2-9b,18,3584,0.00036960275610908866
Qwen__Qwen2.5-7B,google__gemma-2-9b,19,3584,0.013293241150677204
Qwen__Qwen2.5-7B,google__gemma-2-9b,20,3584,0.016907988116145134
Qwen__Qwen2.5-7B,google__gemma-2-9b,21,3584,0.008087904192507267
Qwen__Qwen2.5-7B,google__gemma-2-9b,22,3584,0.011169526726007462
Qwen__Qwen2.5-7B,google__gemma-2-9b,23,3584,-0.002422753721475601
Qwen__Qwen2.5-7B,google__gemma-2-9b,24,3584,-0.005745544098317623
Qwen__Qwen2.5-7B,google__gemma-2-9b,25,3584,-0.021727265790104866
Qwen__Qwen2.5-7B,google__gemma-2-9b,26,3584,-0.0029132449999451637
Qwen__Qwen2.5-7B,google__gemma-2-9b,27,3584,-0.008946388959884644
Qwen__Qwen2.5-7B,google__gemma-2-9b-it,0,3584,-0.0122009152546525
Qwen__Qwen2.5-7B,google__gemma-2-9b-it,1,3584,-0.006568857468664646
Qwen__Qwen2.5-7B,google__gemma-2-9b-it,2,3584,0.01402240339666605
Qwen__Qwen2.5-7B,google__gemma-2-9b-it,3,3584,0.024747811257839203
Qwen__Qwen2.5-7B,google__gemma-2-9b-it,4,3584,0.00745558412745595
Qwen__Qwen2.5-7B,google__gemma-2-9b-it,5,3584,-0.0017209184588864446
Qwen__Qwen2.5-7B,google__gemma-2-9b-it,6,3584,-0.0033964088652282953
Qwen__Qwen2.5-7B,google__gemma-2-9b-it,7,3584,-0.02636796608567238
Qwen__Qwen2.5-7B,google__gemma-2-9b-it,8,3584,-0.010030070319771767
Qwen__Qwen2.5-7B,google__gemma-2-9b-it,9,3584,-0.005452646873891354
Qwen__Qwen2.5-7B,google__gemma-2-9b-it,10,3584,-0.005233325529843569
Qwen__Qwen2.5-7B,google__gemma-2-9b-it,11,3584,0.012414761818945408
Qwen__Qwen2.5-7B,google__gemma-2-9b-it,12,3584,0.0024761531967669725
Qwen__Qwen2.5-7B,google__gemma-2-9b-it,13,3584,-0.002943117870017886
Qwen__Qwen2.5-7B,google__gemma-2-9b-it,14,3584,-0.0003949622914660722
Qwen__Qwen2.5-7B,google__gemma-2-9b-it,15,3584,-0.0011143824085593224
Qwen__Qwen2.5-7B,google__gemma-2-9b-it,16,3584,0.00013075955212116241
Qwen__Qwen2.5-7B,google__gemma-2-9b-it,17,3584,0.01276151929050684
Qwen__Qwen2.5-7B,google__gemma-2-9b-it,18,3584,0.007568668574094772
Qwen__Qwen2.5-7B,google__gemma-2-9b-it,19,3584,0.016613611951470375
Qwen__Qwen2.5-7B,google__gemma-2-9b-it,20,3584,-5.544326631934382e-05
Qwen__Qwen2.5-7B,google__gemma-2-9b-it,21,3584,-0.005246325396001339
Qwen__Qwen2.5-7B,google__gemma-2-9b-it,22,3584,0.014089536853134632
Qwen__Qwen2.5-7B,google__gemma-2-9b-it,23,3584,0.012739503756165504
Qwen__Qwen2.5-7B,google__gemma-2-9b-it,24,3584,0.0004608454182744026
Qwen__Qwen2.5-7B,google__gemma-2-9b-it,25,3584,-0.009034642018377781
Qwen__Qwen2.5-7B,google__gemma-2-9b-it,26,3584,-0.00343808950856328
Qwen__Qwen2.5-7B,google__gemma-2-9b-it,27,3584,0.006026387680321932
Qwen__Qwen2.5-7B-Instruct,google__gemma-2-9b,0,3584,-0.009660121984779835
Qwen__Qwen2.5-7B-Instruct,google__gemma-2-9b,1,3584,-0.00902682263404131
Qwen__Qwen2.5-7B-Instruct,google__gemma-2-9b,2,3584,0.018757589161396027
Qwen__Qwen2.5-7B-Instruct,google__gemma-2-9b,3,3584,0.02911440096795559
Qwen__Qwen2.5-7B-Instruct,google__gemma-2-9b,4,3584,0.0012335407081991434
Qwen__Qwen2.5-7B-Instruct,google__gemma-2-9b,5,3584,0.0015611003618687391
Qwen__Qwen2.5-7B-Instruct,google__gemma-2-9b,6,3584,-0.0024285458493977785
Qwen__Qwen2.5-7B-Instruct,google__gemma-2-9b,7,3584,-0.022434305399656296
Qwen__Qwen2.5-7B-Instruct,google__gemma-2-9b,8,3584,-0.010029059834778309
Qwen__Qwen2.5-7B-Instruct,google__gemma-2-9b,9,3584,0.000234212726354599
Qwen__Qwen2.5-7B-Instruct,google__gemma-2-9b,10,3584,0.001335227396339178
Qwen__Qwen2.5-7B-Instruct,google__gemma-2-9b,11,3584,0.010645261965692043
Qwen__Qwen2.5-7B-Instruct,google__gemma-2-9b,12,3584,0.01033949013799429
Qwen__Qwen2.5-7B-Instruct,google__gemma-2-9b,13,3584,0.01453923899680376
Qwen__Qwen2.5-7B-Instruct,google__gemma-2-9b,14,3584,0.016431136056780815
Qwen__Qwen2.5-7B-Instruct,google__gemma-2-9b,15,3584,0.008481346070766449
Qwen__Qwen2.5-7B-Instruct,google__gemma-2-9b,16,3584,0.007184751331806183
Qwen__Qwen2.5-7B-Instruct,google__gemma-2-9b,17,3584,0.01454263273626566
Qwen__Qwen2.5-7B-Instruct,google__gemma-2-9b,18,3584,0.006453714333474636
Qwen__Qwen2.5-7B-Instruct,google__gemma-2-9b,19,3584,0.004010031931102276
Qwen__Qwen2.5-7B-Instruct,google__gemma-2-9b,20,3584,0.014516792260110378
Qwen__Qwen2.5-7B-Instruct,google__gemma-2-9b,21,3584,-0.0016020901966840029
Qwen__Qwen2.5-7B-Instruct,google__gemma-2-9b,22,3584,0.003385879099369049
Qwen__Qwen2.5-7B-Instruct,google__gemma-2-9b,23,3584,-0.01035150047391653
Qwen__Qwen2.5-7B-Instruct,google__gemma-2-9b,24,3584,-0.005836988799273968
Qwen__Qwen2.5-7B-Instruct,google__gemma-2-9b,25,3584,-0.021414408460259438
Qwen__Qwen2.5-7B-Instruct,google__gemma-2-9b,26,3584,-0.00468725711107254
Qwen__Qwen2.5-7B-Instruct,google__gemma-2-9b,27,3584,-0.01825800910592079
Qwen__Qwen2.5-7B-Instruct,google__gemma-2-9b-it,0,3584,-0.009200232103466988
Qwen__Qwen2.5-7B-Instruct,google__gemma-2-9b-it,1,3584,-0.00480309221893549
Qwen__Qwen2.5-7B-Instruct,google__gemma-2-9b-it,2,3584,0.017369497567415237
Qwen__Qwen2.5-7B-Instruct,google__gemma-2-9b-it,3,3584,0.027241187170147896
Qwen__Qwen2.5-7B-Instruct,google__gemma-2-9b-it,4,3584,0.008510424755513668
Qwen__Qwen2.5-7B-Instruct,google__gemma-2-9b-it,5,3584,-0.0020717589650303125
Qwen__Qwen2.5-7B-Instruct,google__gemma-2-9b-it,6,3584,-0.0022495274897664785
Qwen__Qwen2.5-7B-Instruct,google__gemma-2-9b-it,7,3584,-0.02718110755085945
Qwen__Qwen2.5-7B-Instruct,google__gemma-2-9b-it,8,3584,-0.01501467078924179
Qwen__Qwen2.5-7B-Instruct,google__gemma-2-9b-it,9,3584,-0.016643689945340157
Qwen__Qwen2.5-7B-Instruct,google__gemma-2-9b-it,10,3584,-0.01175941713154316
Qwen__Qwen2.5-7B-Instruct,google__gemma-2-9b-it,11,3584,0.004091678187251091
Qwen__Qwen2.5-7B-Instruct,google__gemma-2-9b-it,12,3584,0.001447622082196176
Qwen__Qwen2.5-7B-Instruct,google__gemma-2-9b-it,13,3584,0.00017896760255098343
Qwen__Qwen2.5-7B-Instruct,google__gemma-2-9b-it,14,3584,-0.004208557773381472
Qwen__Qwen2.5-7B-Instruct,google__gemma-2-9b-it,15,3584,-0.009295429103076458
Qwen__Qwen2.5-7B-Instruct,google__gemma-2-9b-it,16,3584,-0.00033836904913187027
Qwen__Qwen2.5-7B-Instruct,google__gemma-2-9b-it,17,3584,0.005158119834959507
Qwen__Qwen2.5-7B-Instruct,google__gemma-2-9b-it,18,3584,-0.006053574848920107
Qwen__Qwen2.5-7B-Instruct,google__gemma-2-9b-it,19,3584,0.0074019646272063255
Qwen__Qwen2.5-7B-Instruct,google__gemma-2-9b-it,20,3584,0.004914131946861744
Qwen__Qwen2.5-7B-Instruct,google__gemma-2-9b-it,21,3584,-0.0026017380878329277
Qwen__Qwen2.5-7B-Instruct,google__gemma-2-9b-it,22,3584,0.013910345733165741
Qwen__Qwen2.5-7B-Instruct,google__gemma-2-9b-it,23,3584,0.009458670392632484
Qwen__Qwen2.5-7B-Instruct,google__gemma-2-9b-it,24,3584,0.0015416312962770462
Qwen__Qwen2.5-7B-Instruct,google__gemma-2-9b-it,25,3584,-0.0014055046485736966
Qwen__Qwen2.5-7B-Instruct,google__gemma-2-9b-it,26,3584,0.004555676598101854
Qwen__Qwen2.5-7B-Instruct,google__gemma-2-9b-it,27,3584,0.005744997411966324
meta-llama__Llama-2-13b-chat-hf,mistralai__Mistral-Small-24B-Base-2501,0,5120,0.010451669804751873
meta-llama__Llama-2-13b-chat-hf,mistralai__Mistral-Small-24B-Base-2501,1,5120,-0.008996141143143177
meta-llama__Llama-2-13b-chat-hf,mistralai__Mistral-Small-24B-Base-2501,2,5120,0.001852871384471655
meta-llama__Llama-2-13b-chat-hf,mistralai__Mistral-Small-24B-Base-2501,3,5120,-0.01409245003014803
meta-llama__Llama-2-13b-chat-hf,mistralai__Mistral-Small-24B-Base-2501,4,5120,0.004524624906480312
meta-llama__Llama-2-13b-chat-hf,mistralai__Mistral-Small-24B-Base-2501,5,5120,0.009927102364599705
meta-llama__Llama-2-13b-chat-hf,mistralai__Mistral-Small-24B-Base-2501,6,5120,0.013871283270418644
meta-llama__Llama-2-13b-chat-hf,mistralai__Mistral-Small-24B-Base-2501,7,5120,0.018425224348902702
meta-llama__Llama-2-13b-chat-hf,mistralai__Mistral-Small-24B-Base-2501,8,5120,0.041304100304841995
meta-llama__Llama-2-13b-chat-hf,mistralai__Mistral-Small-24B-Base-2501,9,5120,0.020769042894244194
meta-llama__Llama-2-13b-chat-hf,mistralai__Mistral-Small-24B-Base-2501,10,5120,0.015210878103971481
meta-llama__Llama-2-13b-chat-hf,mistralai__Mistral-Small-24B-Base-2501,11,5120,0.026023972779512405
meta-llama__Llama-2-13b-chat-hf,mistralai__Mistral-Small-24B-Base-2501,12,5120,0.016357244923710823
meta-llama__Llama-2-13b-chat-hf,mistralai__Mistral-Small-24B-Base-2501,13,5120,0.013652918860316277
meta-llama__Llama-2-13b-chat-hf,mistralai__Mistral-Small-24B-Base-2501,14,5120,0.012377426028251648
meta-llama__Llama-2-13b-chat-hf,mistralai__Mistral-Small-24B-Base-2501,15,5120,0.013943172059953213
meta-llama__Llama-2-13b-chat-hf,mistralai__Mistral-Small-24B-Base-2501,16,5120,0.0023388974368572235
meta-llama__Llama-2-13b-chat-hf,mistralai__Mistral-Small-24B-Base-2501,17,5120,0.0037558157928287983
meta-llama__Llama-2-13b-chat-hf,mistralai__Mistral-Small-24B-Base-2501,18,5120,0.02157646231353283
meta-llama__Llama-2-13b-chat-hf,mistralai__Mistral-Small-24B-Base-2501,19,5120,0.01593206077814102
meta-llama__Llama-2-13b-chat-hf,mistralai__Mistral-Small-24B-Base-2501,20,5120,0.008514994755387306
meta-llama__Llama-2-13b-chat-hf,mistralai__Mistral-Small-24B-Base-2501,21,5120,0.0034595360048115253
meta-llama__Llama-2-13b-chat-hf,mistralai__Mistral-Small-24B-Base-2501,22,5120,-0.0007987652788870037
meta-llama__Llama-2-13b-chat-hf,mistralai__Mistral-Small-24B-Base-2501,23,5120,0.01147002074867487
meta-llama__Llama-2-13b-chat-hf,mistralai__Mistral-Small-24B-Base-2501,24,5120,0.014221117831766605
meta-llama__Llama-2-13b-chat-hf,mistralai__Mistral-Small-24B-Base-2501,25,5120,0.02121691405773163
meta-llama__Llama-2-13b-chat-hf,mistralai__Mistral-Small-24B-Base-2501,26,5120,0.028315942734479904
meta-llama__Llama-2-13b-chat-hf,mistralai__Mistral-Small-24B-Base-2501,27,5120,0.015863876789808273
meta-llama__Llama-2-13b-chat-hf,mistralai__Mistral-Small-24B-Base-2501,28,5120,0.014960593543946743
meta-llama__Llama-2-13b-chat-hf,mistralai__Mistral-Small-24B-Base-2501,29,5120,0.010449806228280067
meta-llama__Llama-2-13b-chat-hf,mistralai__Mistral-Small-24B-Base-2501,30,5120,0.008356858044862747
meta-llama__Llama-2-13b-chat-hf,mistralai__Mistral-Small-24B-Base-2501,31,5120,0.008542369119822979
meta-llama__Llama-2-13b-chat-hf,mistralai__Mistral-Small-24B-Base-2501,32,5120,0.004631427116692066
meta-llama__Llama-2-13b-chat-hf,mistralai__Mistral-Small-24B-Base-2501,33,5120,0.012745783664286137
meta-llama__Llama-2-13b-chat-hf,mistralai__Mistral-Small-24B-Base-2501,34,5120,0.00926562212407589
meta-llama__Llama-2-13b-chat-hf,mistralai__Mistral-Small-24B-Base-2501,35,5120,0.01640520803630352
meta-llama__Llama-2-13b-chat-hf,mistralai__Mistral-Small-24B-Base-2501,36,5120,0.003339851275086403
meta-llama__Llama-2-13b-chat-hf,mistralai__Mistral-Small-24B-Base-2501,37,5120,0.007454771548509598
meta-llama__Llama-2-13b-chat-hf,mistralai__Mistral-Small-24B-Base-2501,38,5120,0.010526617057621479
meta-llama__Llama-2-13b-chat-hf,mistralai__Mistral-Small-24B-Base-2501,39,5120,0.016748787835240364
meta-llama__Llama-2-13b-chat-hf,mistralai__Mistral-Small-24B-Instruct-2501,0,5120,0.01039845123887062
meta-llama__Llama-2-13b-chat-hf,mistralai__Mistral-Small-24B-Instruct-2501,1,5120,-0.0036945557221770287
meta-llama__Llama-2-13b-chat-hf,mistralai__Mistral-Small-24B-Instruct-2501,2,5120,0.00041940182563848794
meta-llama__Llama-2-13b-chat-hf,mistralai__Mistral-Small-24B-Instruct-2501,3,5120,-0.016763193532824516
meta-llama__Llama-2-13b-chat-hf,mistralai__Mistral-Small-24B-Instruct-2501,4,5120,0.008324166759848595
meta-llama__Llama-2-13b-chat-hf,mistralai__Mistral-Small-24B-Instruct-2501,5,5120,0.012472076341509819
meta-llama__Llama-2-13b-chat-hf,mistralai__Mistral-Small-24B-Instruct-2501,6,5120,0.005178461316972971
meta-llama__Llama-2-13b-chat-hf,mistralai__Mistral-Small-24B-Instruct-2501,7,5120,0.014436687342822552
meta-llama__Llama-2-13b-chat-hf,mistralai__Mistral-Small-24B-Instruct-2501,8,5120,0.02741427719593048
meta-llama__Llama-2-13b-chat-hf,mistralai__Mistral-Small-24B-Instruct-2501,9,5120,0.024343615397810936
meta-llama__Llama-2-13b-chat-hf,mistralai__Mistral-Small-24B-Instruct-2501,10,5120,0.011586272157728672
meta-llama__Llama-2-13b-chat-hf,mistralai__Mistral-Small-24B-Instruct-2501,11,5120,0.01988769881427288
meta-llama__Llama-2-13b-chat-hf,mistralai__Mistral-Small-24B-Instruct-2501,12,5120,0.01973832957446575
meta-llama__Llama-2-13b-chat-hf,mistralai__Mistral-Small-24B-Instruct-2501,13,5120,0.011672324500977993
meta-llama__Llama-2-13b-chat-hf,mistralai__Mistral-Small-24B-Instruct-2501,14,5120,0.01448659598827362
meta-llama__Llama-2-13b-chat-hf,mistralai__Mistral-Small-24B-Instruct-2501,15,5120,0.0039019244723021984
meta-llama__Llama-2-13b-chat-hf,mistralai__Mistral-Small-24B-Instruct-2501,16,5120,0.006281184498220682
meta-llama__Llama-2-13b-chat-hf,mistralai__Mistral-Small-24B-Instruct-2501,17,5120,0.003411761950701475
meta-llama__Llama-2-13b-chat-hf,mistralai__Mistral-Small-24B-Instruct-2501,18,5120,0.014707745052874088
meta-llama__Llama-2-13b-chat-hf,mistralai__Mistral-Small-24B-Instruct-2501,19,5120,0.012613586150109768
meta-llama__Llama-2-13b-chat-hf,mistralai__Mistral-Small-24B-Instruct-2501,20,5120,0.0037226546555757523
meta-llama__Llama-2-13b-chat-hf,mistralai__Mistral-Small-24B-Instruct-2501,21,5120,-0.0016658068634569645
meta-llama__Llama-2-13b-chat-hf,mistralai__Mistral-Small-24B-Instruct-2501,22,5120,0.004655413329601288
meta-llama__Llama-2-13b-chat-hf,mistralai__Mistral-Small-24B-Instruct-2501,23,5120,0.015201577916741371
meta-llama__Llama-2-13b-chat-hf,mistralai__Mistral-Small-24B-Instruct-2501,24,5120,0.01591624692082405
meta-llama__Llama-2-13b-chat-hf,mistralai__Mistral-Small-24B-Instruct-2501,25,5120,0.023237526416778564
meta-llama__Llama-2-13b-chat-hf,mistralai__Mistral-Small-24B-Instruct-2501,26,5120,0.02936789020895958
meta-llama__Llama-2-13b-chat-hf,mistralai__Mistral-Small-24B-Instruct-2501,27,5120,0.01945955492556095
meta-llama__Llama-2-13b-chat-hf,mistralai__Mistral-Small-24B-Instruct-2501,28,5120,0.024074789136648178
meta-llama__Llama-2-13b-chat-hf,mistralai__Mistral-Small-24B-Instruct-2501,29,5120,0.019770270213484764
meta-llama__Llama-2-13b-chat-hf,mistralai__Mistral-Small-24B-Instruct-2501,30,5120,0.016791295260190964
meta-llama__Llama-2-13b-chat-hf,mistralai__Mistral-Small-24B-Instruct-2501,31,5120,0.01362399011850357
meta-llama__Llama-2-13b-chat-hf,mistralai__Mistral-Small-24B-Instruct-2501,32,5120,0.008609275333583355
meta-llama__Llama-2-13b-chat-hf,mistralai__Mistral-Small-24B-Instruct-2501,33,5120,0.011043946258723736
meta-llama__Llama-2-13b-chat-hf,mistralai__Mistral-Small-24B-Instruct-2501,34,5120,0.007889224216341972
meta-llama__Llama-2-13b-chat-hf,mistralai__Mistral-Small-24B-Instruct-2501,35,5120,0.011969194747507572
meta-llama__Llama-2-13b-chat-hf,mistralai__Mistral-Small-24B-Instruct-2501,36,5120,0.0001501627266407013
meta-llama__Llama-2-13b-chat-hf,mistralai__Mistral-Small-24B-Instruct-2501,37,5120,0.005090177059173584
meta-llama__Llama-2-13b-chat-hf,mistralai__Mistral-Small-24B-Instruct-2501,38,5120,0.010844546370208263
meta-llama__Llama-2-13b-chat-hf,mistralai__Mistral-Small-24B-Instruct-2501,39,5120,0.017612630501389503
meta-llama__Llama-2-13b-hf,mistralai__Mistral-Small-24B-Base-2501,0,5120,0.005411460530012846
meta-llama__Llama-2-13b-hf,mistralai__Mistral-Small-24B-Base-2501,1,5120,-0.009404030628502369
meta-llama__Llama-2-13b-hf,mistralai__Mistral-Small-24B-Base-2501,2,5120,-0.004609403666108847
meta-llama__Llama-2-13b-hf,mistralai__Mistral-Small-24B-Base-2501,3,5120,-0.009516929276287556
meta-llama__Llama-2-13b-hf,mistralai__Mistral-Small-24B-Base-2501,4,5120,0.011642897501587868
meta-llama__Llama-2-13b-hf,mistralai__Mistral-Small-24B-Base-2501,5,5120,0.00973288994282484
meta-llama__Llama-2-13b-hf,mistralai__Mistral-Small-24B-Base-2501,6,5120,0.01207374595105648
meta-llama__Llama-2-13b-hf,mistralai__Mistral-Small-24B-Base-2501,7,5120,0.012435585260391235
meta-llama__Llama-2-13b-hf,mistralai__Mistral-Small-24B-Base-2501,8,5120,0.020291825756430626
meta-llama__Llama-2-13b-hf,mistralai__Mistral-Small-24B-Base-2501,9,5120,0.009891584515571594
meta-llama__Llama-2-13b-hf,mistralai__Mistral-Small-24B-Base-2501,10,5120,0.016705244779586792
meta-llama__Llama-2-13b-hf,mistralai__Mistral-Small-24B-Base-2501,11,5120,0.022331133484840393
meta-llama__Llama-2-13b-hf,mistralai__Mistral-Small-24B-Base-2501,12,5120,0.018311161547899246
meta-llama__Llama-2-13b-hf,mistralai__Mistral-Small-24B-Base-2501,13,5120,0.008265402168035507
meta-llama__Llama-2-13b-hf,mistralai__Mistral-Small-24B-Base-2501,14,5120,0.0052686212584376335
meta-llama__Llama-2-13b-hf,mistralai__Mistral-Small-24B-Base-2501,15,5120,0.010417237877845764
meta-llama__Llama-2-13b-hf,mistralai__Mistral-Small-24B-Base-2501,16,5120,0.0037702887784689665
meta-llama__Llama-2-13b-hf,mistralai__Mistral-Small-24B-Base-2501,17,5120,0.002331523457542062
meta-llama__Llama-2-13b-hf,mistralai__Mistral-Small-24B-Base-2501,18,5120,0.019900845363736153
meta-llama__Llama-2-13b-hf,mistralai__Mistral-Small-24B-Base-2501,19,5120,0.015781166031956673
meta-llama__Llama-2-13b-hf,mistralai__Mistral-Small-24B-Base-2501,20,5120,0.013292011804878712
meta-llama__Llama-2-13b-hf,mistralai__Mistral-Small-24B-Base-2501,21,5120,0.0031805443577468395
meta-llama__Llama-2-13b-hf,mistralai__Mistral-Small-24B-Base-2501,22,5120,0.0013949497370049357
meta-llama__Llama-2-13b-hf,mistralai__Mistral-Small-24B-Base-2501,23,5120,0.011195337399840355
meta-llama__Llama-2-13b-hf,mistralai__Mistral-Small-24B-Base-2501,24,5120,0.010217376053333282
meta-llama__Llama-2-13b-hf,mistralai__Mistral-Small-24B-Base-2501,25,5120,0.01906072162091732
meta-llama__Llama-2-13b-hf,mistralai__Mistral-Small-24B-Base-2501,26,5120,0.0266751516610384
meta-llama__Llama-2-13b-hf,mistralai__Mistral-Small-24B-Base-2501,27,5120,0.017398551106452942
meta-llama__Llama-2-13b-hf,mistralai__Mistral-Small-24B-Base-2501,28,5120,0.018450312316417694
meta-llama__Llama-2-13b-hf,mistralai__Mistral-Small-24B-Base-2501,29,5120,0.009267225861549377
meta-llama__Llama-2-13b-hf,mistralai__Mistral-Small-24B-Base-2501,30,5120,0.010462849400937557
meta-llama__Llama-2-13b-hf,mistralai__Mistral-Small-24B-Base-2501,31,5120,0.009220986627042294
meta-llama__Llama-2-13b-hf,mistralai__Mistral-Small-24B-Base-2501,32,5120,0.003904622048139572
meta-llama__Llama-2-13b-hf,mistralai__Mistral-Small-24B-Base-2501,33,5120,0.010912480764091015
meta-llama__Llama-2-13b-hf,mistralai__Mistral-Small-24B-Base-2501,34,5120,0.00918793585151434
meta-llama__Llama-2-13b-hf,mistralai__Mistral-Small-24B-Base-2501,35,5120,0.014796977862715721
meta-llama__Llama-2-13b-hf,mistralai__Mistral-Small-24B-Base-2501,36,5120,0.005216456484049559
meta-llama__Llama-2-13b-hf,mistralai__Mistral-Small-24B-Base-2501,37,5120,0.0060629150830209255
meta-llama__Llama-2-13b-hf,mistralai__Mistral-Small-24B-Base-2501,38,5120,0.012505813501775265
meta-llama__Llama-2-13b-hf,mistralai__Mistral-Small-24B-Base-2501,39,5120,0.017349988222122192
meta-llama__Llama-2-13b-hf,mistralai__Mistral-Small-24B-Instruct-2501,0,5120,0.005592735018581152
meta-llama__Llama-2-13b-hf,mistralai__Mistral-Small-24B-Instruct-2501,1,5120,-0.005891746841371059
meta-llama__Llama-2-13b-hf,mistralai__Mistral-Small-24B-Instruct-2501,2,5120,-0.0029035883489996195
meta-llama__Llama-2-13b-hf,mistralai__Mistral-Small-24B-Instruct-2501,3,5120,-0.013519246131181717
meta-llama__Llama-2-13b-hf,mistralai__Mistral-Small-24B-Instruct-2501,4,5120,0.011201641522347927
meta-llama__Llama-2-13b-hf,mistralai__Mistral-Small-24B-Instruct-2501,5,5120,0.008963844738900661
meta-llama__Llama-2-13b-hf,mistralai__Mistral-Small-24B-Instruct-2501,6,5120,0.0010159630328416824
meta-llama__Llama-2-13b-hf,mistralai__Mistral-Small-24B-Instruct-2501,7,5120,0.013376226648688316
meta-llama__Llama-2-13b-hf,mistralai__Mistral-Small-24B-Instruct-2501,8,5120,0.012889294885098934
meta-llama__Llama-2-13b-hf,mistralai__Mistral-Small-24B-Instruct-2501,9,5120,0.018207143992185593
meta-llama__Llama-2-13b-hf,mistralai__Mistral-Small-24B-Instruct-2501,10,5120,0.017474494874477386
meta-llama__Llama-2-13b-hf,mistralai__Mistral-Small-24B-Instruct-2501,11,5120,0.01798429526388645
meta-llama__Llama-2-13b-hf,mistralai__Mistral-Small-24B-Instruct-2501,12,5120,0.01095679309219122
meta-llama__Llama-2-13b-hf,mistralai__Mistral-Small-24B-Instruct-2501,13,5120,-0.01141208317130804
meta-llama__Llama-2-13b-hf,mistralai__Mistral-Small-24B-Instruct-2501,14,5120,4.4318847358226776e-05
meta-llama__Llama-2-13b-hf,mistralai__Mistral-Small-24B-Instruct-2501,15,5120,-0.002430757973343134
meta-llama__Llama-2-13b-hf,mistralai__Mistral-Small-24B-Instruct-2501,16,5120,0.008085186593234539
meta-llama__Llama-2-13b-hf,mistralai__Mistral-Small-24B-Instruct-2501,17,5120,0.004656938370317221
meta-llama__Llama-2-13b-hf,mistralai__Mistral-Small-24B-Instruct-2501,18,5120,0.011808608658611774
meta-llama__Llama-2-13b-hf,mistralai__Mistral-Small-24B-Instruct-2501,19,5120,0.01228655781596899
meta-llama__Llama-2-13b-hf,mistralai__Mistral-Small-24B-Instruct-2501,20,5120,0.009086797013878822
meta-llama__Llama-2-13b-hf,mistralai__Mistral-Small-24B-Instruct-2501,21,5120,-0.002836704021319747
meta-llama__Llama-2-13b-hf,mistralai__Mistral-Small-24B-Instruct-2501,22,5120,0.005277385003864765
meta-llama__Llama-2-13b-hf,mistralai__Mistral-Small-24B-Instruct-2501,23,5120,0.015955360606312752
meta-llama__Llama-2-13b-hf,mistralai__Mistral-Small-24B-Instruct-2501,24,5120,0.011385577730834484
meta-llama__Llama-2-13b-hf,mistralai__Mistral-Small-24B-Instruct-2501,25,5120,0.0183882899582386
meta-llama__Llama-2-13b-hf,mistralai__Mistral-Small-24B-Instruct-2501,26,5120,0.026607275009155273
meta-llama__Llama-2-13b-hf,mistralai__Mistral-Small-24B-Instruct-2501,27,5120,0.015885572880506516
meta-llama__Llama-2-13b-hf,mistralai__Mistral-Small-24B-Instruct-2501,28,5120,0.02024398185312748
meta-llama__Llama-2-13b-hf,mistralai__Mistral-Small-24B-Instruct-2501,29,5120,0.011207764968276024
meta-llama__Llama-2-13b-hf,mistralai__Mistral-Small-24B-Instruct-2501,30,5120,0.013373617082834244
meta-llama__Llama-2-13b-hf,mistralai__Mistral-Small-24B-Instruct-2501,31,5120,0.009621626697480679
meta-llama__Llama-2-13b-hf,mistralai__Mistral-Small-24B-Instruct-2501,32,5120,0.005740864668041468
meta-llama__Llama-2-13b-hf,mistralai__Mistral-Small-24B-Instruct-2501,33,5120,0.008204924874007702
meta-llama__Llama-2-13b-hf,mistralai__Mistral-Small-24B-Instruct-2501,34,5120,0.007854984141886234
meta-llama__Llama-2-13b-hf,mistralai__Mistral-Small-24B-Instruct-2501,35,5120,0.01121835969388485
meta-llama__Llama-2-13b-hf,mistralai__Mistral-Small-24B-Instruct-2501,36,5120,0.002477323869243264
meta-llama__Llama-2-13b-hf,mistralai__Mistral-Small-24B-Instruct-2501,37,5120,0.0012282616226002574
meta-llama__Llama-2-13b-hf,mistralai__Mistral-Small-24B-Instruct-2501,38,5120,0.009098179638385773
meta-llama__Llama-2-13b-hf,mistralai__Mistral-Small-24B-Instruct-2501,39,5120,0.011973781511187553
meta-llama__Llama-2-7b-chat-hf,meta-llama__Llama-3.1-8B,0,4096,-0.006498793140053749
meta-llama__Llama-2-7b-chat-hf,meta-llama__Llama-3.1-8B,1,4096,0.0070226299576461315
meta-llama__Llama-2-7b-chat-hf,meta-llama__Llama-3.1-8B,2,4096,0.012904997915029526
meta-llama__Llama-2-7b-chat-hf,meta-llama__Llama-3.1-8B,3,4096,0.010822263546288013
meta-llama__Llama-2-7b-chat-hf,meta-llama__Llama-3.1-8B,4,4096,-0.008046635426580906
meta-llama__Llama-2-7b-chat-hf,meta-llama__Llama-3.1-8B,5,4096,0.0016423221677541733
meta-llama__Llama-2-7b-chat-hf,meta-llama__Llama-3.1-8B,6,4096,-0.013451259583234787
meta-llama__Llama-2-7b-chat-hf,meta-llama__Llama-3.1-8B,7,4096,-0.004442922305315733
meta-llama__Llama-2-7b-chat-hf,meta-llama__Llama-3.1-8B,8,4096,0.01605365239083767
meta-llama__Llama-2-7b-chat-hf,meta-llama__Llama-3.1-8B,9,4096,0.03561441972851753
meta-llama__Llama-2-7b-chat-hf,meta-llama__Llama-3.1-8B,10,4096,0.039036475121974945
meta-llama__Llama-2-7b-chat-hf,meta-llama__Llama-3.1-8B,11,4096,0.029495054855942726
meta-llama__Llama-2-7b-chat-hf,meta-llama__Llama-3.1-8B,12,4096,0.03615741804242134
meta-llama__Llama-2-7b-chat-hf,meta-llama__Llama-3.1-8B,13,4096,0.03207924962043762
meta-llama__Llama-2-7b-chat-hf,meta-llama__Llama-3.1-8B,14,4096,0.027674846351146698
meta-llama__Llama-2-7b-chat-hf,meta-llama__Llama-3.1-8B,15,4096,0.015005864202976227
meta-llama__Llama-2-7b-chat-hf,meta-llama__Llama-3.1-8B,16,4096,0.0008500514086335897
meta-llama__Llama-2-7b-chat-hf,meta-llama__Llama-3.1-8B,17,4096,-0.020290540531277657
meta-llama__Llama-2-7b-chat-hf,meta-llama__Llama-3.1-8B,18,4096,-0.0005054553621448576
meta-llama__Llama-2-7b-chat-hf,meta-llama__Llama-3.1-8B,19,4096,-0.011725427582859993
meta-llama__Llama-2-7b-chat-hf,meta-llama__Llama-3.1-8B,20,4096,0.011619283817708492
meta-llama__Llama-2-7b-chat-hf,meta-llama__Llama-3.1-8B,21,4096,0.0011848389403894544
meta-llama__Llama-2-7b-chat-hf,meta-llama__Llama-3.1-8B,22,4096,0.004842438735067844
meta-llama__Llama-2-7b-chat-hf,meta-llama__Llama-3.1-8B,23,4096,0.001757376012392342
meta-llama__Llama-2-7b-chat-hf,meta-llama__Llama-3.1-8B,24,4096,0.002010330092161894
meta-llama__Llama-2-7b-chat-hf,meta-llama__Llama-3.1-8B,25,4096,0.017750581726431847
meta-llama__Llama-2-7b-chat-hf,meta-llama__Llama-3.1-8B,26,4096,0.0075997281819581985
meta-llama__Llama-2-7b-chat-hf,meta-llama__Llama-3.1-8B,27,4096,0.0014861800009384751
meta-llama__Llama-2-7b-chat-hf,meta-llama__Llama-3.1-8B,28,4096,0.0035296997521072626
meta-llama__Llama-2-7b-chat-hf,meta-llama__Llama-3.1-8B,29,4096,0.005995968356728554
meta-llama__Llama-2-7b-chat-hf,meta-llama__Llama-3.1-8B,30,4096,0.021059857681393623
meta-llama__Llama-2-7b-chat-hf,meta-llama__Llama-3.1-8B,31,4096,0.01269485428929329
meta-llama__Llama-2-7b-chat-hf,meta-llama__Llama-3.1-8B-Instruct,0,4096,-0.004372142720967531
meta-llama__Llama-2-7b-chat-hf,meta-llama__Llama-3.1-8B-Instruct,1,4096,0.0029903980903327465
meta-llama__Llama-2-7b-chat-hf,meta-llama__Llama-3.1-8B-Instruct,2,4096,0.008494921028614044
meta-llama__Llama-2-7b-chat-hf,meta-llama__Llama-3.1-8B-Instruct,3,4096,0.005209266673773527
meta-llama__Llama-2-7b-chat-hf,meta-llama__Llama-3.1-8B-Instruct,4,4096,-0.010606109164655209
meta-llama__Llama-2-7b-chat-hf,meta-llama__Llama-3.1-8B-Instruct,5,4096,-0.0006219610222615302
meta-llama__Llama-2-7b-chat-hf,meta-llama__Llama-3.1-8B-Instruct,6,4096,-0.012361550703644753
meta-llama__Llama-2-7b-chat-hf,meta-llama__Llama-3.1-8B-Instruct,7,4096,-0.010740958154201508
meta-llama__Llama-2-7b-chat-hf,meta-llama__Llama-3.1-8B-Instruct,8,4096,0.016294360160827637
meta-llama__Llama-2-7b-chat-hf,meta-llama__Llama-3.1-8B-Instruct,9,4096,0.0317559540271759
meta-llama__Llama-2-7b-chat-hf,meta-llama__Llama-3.1-8B-Instruct,10,4096,0.030650898814201355
meta-llama__Llama-2-7b-chat-hf,meta-llama__Llama-3.1-8B-Instruct,11,4096,0.017008300870656967
meta-llama__Llama-2-7b-chat-hf,meta-llama__Llama-3.1-8B-Instruct,12,4096,0.023355446755886078
meta-llama__Llama-2-7b-chat-hf,meta-llama__Llama-3.1-8B-Instruct,13,4096,0.030851949006319046
meta-llama__Llama-2-7b-chat-hf,meta-llama__Llama-3.1-8B-Instruct,14,4096,0.030950766056776047
meta-llama__Llama-2-7b-chat-hf,meta-llama__Llama-3.1-8B-Instruct,15,4096,0.013235400430858135
meta-llama__Llama-2-7b-chat-hf,meta-llama__Llama-3.1-8B-Instruct,16,4096,0.010767140425741673
meta-llama__Llama-2-7b-chat-hf,meta-llama__Llama-3.1-8B-Instruct,17,4096,-0.005440906155854464
meta-llama__Llama-2-7b-chat-hf,meta-llama__Llama-3.1-8B-Instruct,18,4096,0.00917082279920578
meta-llama__Llama-2-7b-chat-hf,meta-llama__Llama-3.1-8B-Instruct,19,4096,-0.003305586753413081
meta-llama__Llama-2-7b-chat-hf,meta-llama__Llama-3.1-8B-Instruct,20,4096,0.012918389402329922
meta-llama__Llama-2-7b-chat-hf,meta-llama__Llama-3.1-8B-Instruct,21,4096,0.0012010583886876702
meta-llama__Llama-2-7b-chat-hf,meta-llama__Llama-3.1-8B-Instruct,22,4096,0.005378688219934702
meta-llama__Llama-2-7b-chat-hf,meta-llama__Llama-3.1-8B-Instruct,23,4096,0.000861337932292372
meta-llama__Llama-2-7b-chat-hf,meta-llama__Llama-3.1-8B-Instruct,24,4096,0.0011862508254125714
meta-llama__Llama-2-7b-chat-hf,meta-llama__Llama-3.1-8B-Instruct,25,4096,0.011523998342454433
meta-llama__Llama-2-7b-chat-hf,meta-llama__Llama-3.1-8B-Instruct,26,4096,0.0026985174044966698
meta-llama__Llama-2-7b-chat-hf,meta-llama__Llama-3.1-8B-Instruct,27,4096,-0.004721412435173988
meta-llama__Llama-2-7b-chat-hf,meta-llama__Llama-3.1-8B-Instruct,28,4096,-0.003922939766198397
meta-llama__Llama-2-7b-chat-hf,meta-llama__Llama-3.1-8B-Instruct,29,4096,0.0007190853939391673
meta-llama__Llama-2-7b-chat-hf,meta-llama__Llama-3.1-8B-Instruct,30,4096,0.013162687420845032
meta-llama__Llama-2-7b-chat-hf,meta-llama__Llama-3.1-8B-Instruct,31,4096,0.010596347972750664
meta-llama__Llama-2-7b-chat-hf,mistralai__Mistral-7B-Instruct-v0.3,0,4096,0.004638672340661287
meta-llama__Llama-2-7b-chat-hf,mistralai__Mistral-7B-Instruct-v0.3,1,4096,0.01785949245095253
meta-llama__Llama-2-7b-chat-hf,mistralai__Mistral-7B-Instruct-v0.3,2,4096,0.00658969534561038
meta-llama__Llama-2-7b-chat-hf,mistralai__Mistral-7B-Instruct-v0.3,3,4096,0.006821218878030777
meta-llama__Llama-2-7b-chat-hf,mistralai__Mistral-7B-Instruct-v0.3,4,4096,-0.00706240301951766
meta-llama__Llama-2-7b-chat-hf,mistralai__Mistral-7B-Instruct-v0.3,5,4096,0.0038003157824277878
meta-llama__Llama-2-7b-chat-hf,mistralai__Mistral-7B-Instruct-v0.3,6,4096,-0.011998752132058144
meta-llama__Llama-2-7b-chat-hf,mistralai__Mistral-7B-Instruct-v0.3,7,4096,-0.004974487237632275
meta-llama__Llama-2-7b-chat-hf,mistralai__Mistral-7B-Instruct-v0.3,8,4096,-0.002669617533683777
meta-llama__Llama-2-7b-chat-hf,mistralai__Mistral-7B-Instruct-v0.3,9,4096,0.023061497136950493
meta-llama__Llama-2-7b-chat-hf,mistralai__Mistral-7B-Instruct-v0.3,10,4096,0.011342084035277367
meta-llama__Llama-2-7b-chat-hf,mistralai__Mistral-7B-Instruct-v0.3,11,4096,0.0017357580363750458
meta-llama__Llama-2-7b-chat-hf,mistralai__Mistral-7B-Instruct-v0.3,12,4096,0.017280777916312218
meta-llama__Llama-2-7b-chat-hf,mistralai__Mistral-7B-Instruct-v0.3,13,4096,0.017458975315093994
meta-llama__Llama-2-7b-chat-hf,mistralai__Mistral-7B-Instruct-v0.3,14,4096,0.027332905679941177
meta-llama__Llama-2-7b-chat-hf,mistralai__Mistral-7B-Instruct-v0.3,15,4096,0.03713470697402954
meta-llama__Llama-2-7b-chat-hf,mistralai__Mistral-7B-Instruct-v0.3,16,4096,0.027381109073758125
meta-llama__Llama-2-7b-chat-hf,mistralai__Mistral-7B-Instruct-v0.3,17,4096,0.01644735224545002
meta-llama__Llama-2-7b-chat-hf,mistralai__Mistral-7B-Instruct-v0.3,18,4096,0.036271244287490845
meta-llama__Llama-2-7b-chat-hf,mistralai__Mistral-7B-Instruct-v0.3,19,4096,0.03921240195631981
meta-llama__Llama-2-7b-chat-hf,mistralai__Mistral-7B-Instruct-v0.3,20,4096,0.03584815189242363
meta-llama__Llama-2-7b-chat-hf,mistralai__Mistral-7B-Instruct-v0.3,21,4096,0.030329950153827667
meta-llama__Llama-2-7b-chat-hf,mistralai__Mistral-7B-Instruct-v0.3,22,4096,0.03869083523750305
meta-llama__Llama-2-7b-chat-hf,mistralai__Mistral-7B-Instruct-v0.3,23,4096,0.03368031978607178
meta-llama__Llama-2-7b-chat-hf,mistralai__Mistral-7B-Instruct-v0.3,24,4096,0.03783354535698891
meta-llama__Llama-2-7b-chat-hf,mistralai__Mistral-7B-Instruct-v0.3,25,4096,0.04017941653728485
meta-llama__Llama-2-7b-chat-hf,mistralai__Mistral-7B-Instruct-v0.3,26,4096,0.03532905876636505
meta-llama__Llama-2-7b-chat-hf,mistralai__Mistral-7B-Instruct-v0.3,27,4096,0.02754978835582733
meta-llama__Llama-2-7b-chat-hf,mistralai__Mistral-7B-Instruct-v0.3,28,4096,0.02354653738439083
meta-llama__Llama-2-7b-chat-hf,mistralai__Mistral-7B-Instruct-v0.3,29,4096,0.02287924289703369
meta-llama__Llama-2-7b-chat-hf,mistralai__Mistral-7B-Instruct-v0.3,30,4096,0.01663586124777794
meta-llama__Llama-2-7b-chat-hf,mistralai__Mistral-7B-Instruct-v0.3,31,4096,-0.0050707426853477955
meta-llama__Llama-2-7b-chat-hf,mistralai__Mistral-7B-v0.3,0,4096,0.0013899888144806027
meta-llama__Llama-2-7b-chat-hf,mistralai__Mistral-7B-v0.3,1,4096,0.005964035168290138
meta-llama__Llama-2-7b-chat-hf,mistralai__Mistral-7B-v0.3,2,4096,-0.0021989718079566956
meta-llama__Llama-2-7b-chat-hf,mistralai__Mistral-7B-v0.3,3,4096,-0.00392918661236763
meta-llama__Llama-2-7b-chat-hf,mistralai__Mistral-7B-v0.3,4,4096,0.01754085160791874
meta-llama__Llama-2-7b-chat-hf,mistralai__Mistral-7B-v0.3,5,4096,0.0320231169462204
meta-llama__Llama-2-7b-chat-hf,mistralai__Mistral-7B-v0.3,6,4096,0.0080929696559906
meta-llama__Llama-2-7b-chat-hf,mistralai__Mistral-7B-v0.3,7,4096,0.0030271881259977818
meta-llama__Llama-2-7b-chat-hf,mistralai__Mistral-7B-v0.3,8,4096,0.007151072379201651
meta-llama__Llama-2-7b-chat-hf,mistralai__Mistral-7B-v0.3,9,4096,0.03649355471134186
meta-llama__Llama-2-7b-chat-hf,mistralai__Mistral-7B-v0.3,10,4096,0.021468928083777428
meta-llama__Llama-2-7b-chat-hf,mistralai__Mistral-7B-v0.3,11,4096,0.003796538570895791
meta-llama__Llama-2-7b-chat-hf,mistralai__Mistral-7B-v0.3,12,4096,0.015922628343105316
meta-llama__Llama-2-7b-chat-hf,mistralai__Mistral-7B-v0.3,13,4096,0.011829129420220852
meta-llama__Llama-2-7b-chat-hf,mistralai__Mistral-7B-v0.3,14,4096,0.02549651637673378
meta-llama__Llama-2-7b-chat-hf,mistralai__Mistral-7B-v0.3,15,4096,0.03811309114098549
meta-llama__Llama-2-7b-chat-hf,mistralai__Mistral-7B-v0.3,16,4096,0.027118943631649017
meta-llama__Llama-2-7b-chat-hf,mistralai__Mistral-7B-v0.3,17,4096,0.02393801137804985
meta-llama__Llama-2-7b-chat-hf,mistralai__Mistral-7B-v0.3,18,4096,0.0444970428943634
meta-llama__Llama-2-7b-chat-hf,mistralai__Mistral-7B-v0.3,19,4096,0.04620048776268959
meta-llama__Llama-2-7b-chat-hf,mistralai__Mistral-7B-v0.3,20,4096,0.04386670142412186
meta-llama__Llama-2-7b-chat-hf,mistralai__Mistral-7B-v0.3,21,4096,0.03619915619492531
meta-llama__Llama-2-7b-chat-hf,mistralai__Mistral-7B-v0.3,22,4096,0.04336823895573616
meta-llama__Llama-2-7b-chat-hf,mistralai__Mistral-7B-v0.3,23,4096,0.03406215459108353
meta-llama__Llama-2-7b-chat-hf,mistralai__Mistral-7B-v0.3,24,4096,0.03746004030108452
meta-llama__Llama-2-7b-chat-hf,mistralai__Mistral-7B-v0.3,25,4096,0.04028699919581413
meta-llama__Llama-2-7b-chat-hf,mistralai__Mistral-7B-v0.3,26,4096,0.03742828592658043
meta-llama__Llama-2-7b-chat-hf,mistralai__Mistral-7B-v0.3,27,4096,0.02795068360865116
meta-llama__Llama-2-7b-chat-hf,mistralai__Mistral-7B-v0.3,28,4096,0.02638423815369606
meta-llama__Llama-2-7b-chat-hf,mistralai__Mistral-7B-v0.3,29,4096,0.023705080151557922
meta-llama__Llama-2-7b-chat-hf,mistralai__Mistral-7B-v0.3,30,4096,0.017406094819307327
meta-llama__Llama-2-7b-chat-hf,mistralai__Mistral-7B-v0.3,31,4096,-0.0023802577052265406
meta-llama__Llama-2-7b-hf,meta-llama__Llama-3.1-8B,0,4096,-0.010477597825229168
meta-llama__Llama-2-7b-hf,meta-llama__Llama-3.1-8B,1,4096,-0.0016242766287177801
meta-llama__Llama-2-7b-hf,meta-llama__Llama-3.1-8B,2,4096,0.008932850323617458
meta-llama__Llama-2-7b-hf,meta-llama__Llama-3.1-8B,3,4096,-0.000674169510602951
meta-llama__Llama-2-7b-hf,meta-llama__Llama-3.1-8B,4,4096,-0.016126202419400215
meta-llama__Llama-2-7b-hf,meta-llama__Llama-3.1-8B,5,4096,-0.002841966925188899
meta-llama__Llama-2-7b-hf,meta-llama__Llama-3.1-8B,6,4096,-0.013992360793054104
meta-llama__Llama-2-7b-hf,meta-llama__Llama-3.1-8B,7,4096,-0.017430434003472328
meta-llama__Llama-2-7b-hf,meta-llama__Llama-3.1-8B,8,4096,0.003583451034501195
meta-llama__Llama-2-7b-hf,meta-llama__Llama-3.1-8B,9,4096,0.028469983488321304
meta-llama__Llama-2-7b-hf,meta-llama__Llama-3.1-8B,10,4096,0.03326166048645973
meta-llama__Llama-2-7b-hf,meta-llama__Llama-3.1-8B,11,4096,0.024598753079771996
meta-llama__Llama-2-7b-hf,meta-llama__Llama-3.1-8B,12,4096,0.031908776611089706
meta-llama__Llama-2-7b-hf,meta-llama__Llama-3.1-8B,13,4096,0.033777687698602676
meta-llama__Llama-2-7b-hf,meta-llama__Llama-3.1-8B,14,4096,0.027263283729553223
meta-llama__Llama-2-7b-hf,meta-llama__Llama-3.1-8B,15,4096,0.027460670098662376
meta-llama__Llama-2-7b-hf,meta-llama__Llama-3.1-8B,16,4096,0.0017960229888558388
meta-llama__Llama-2-7b-hf,meta-llama__Llama-3.1-8B,17,4096,-0.021652236580848694
meta-llama__Llama-2-7b-hf,meta-llama__Llama-3.1-8B,18,4096,-0.007359944749623537
meta-llama__Llama-2-7b-hf,meta-llama__Llama-3.1-8B,19,4096,-0.017158333212137222
meta-llama__Llama-2-7b-hf,meta-llama__Llama-3.1-8B,20,4096,0.008375370875000954
meta-llama__Llama-2-7b-hf,meta-llama__Llama-3.1-8B,21,4096,-0.0002771574363578111
meta-llama__Llama-2-7b-hf,meta-llama__Llama-3.1-8B,22,4096,0.005110671278089285
meta-llama__Llama-2-7b-hf,meta-llama__Llama-3.1-8B,23,4096,0.0006968891248106956
meta-llama__Llama-2-7b-hf,meta-llama__Llama-3.1-8B,24,4096,-0.003992870450019836
meta-llama__Llama-2-7b-hf,meta-llama__Llama-3.1-8B,25,4096,0.0067456732504069805
meta-llama__Llama-2-7b-hf,meta-llama__Llama-3.1-8B,26,4096,-0.0020223595201969147
meta-llama__Llama-2-7b-hf,meta-llama__Llama-3.1-8B,27,4096,-0.006210014224052429
meta-llama__Llama-2-7b-hf,meta-llama__Llama-3.1-8B,28,4096,-0.0028460202738642693
meta-llama__Llama-2-7b-hf,meta-llama__Llama-3.1-8B,29,4096,-0.00028116541216149926
meta-llama__Llama-2-7b-hf,meta-llama__Llama-3.1-8B,30,4096,0.011749384924769402
meta-llama__Llama-2-7b-hf,meta-llama__Llama-3.1-8B,31,4096,0.01500129234045744
meta-llama__Llama-2-7b-hf,meta-llama__Llama-3.1-8B-Instruct,0,4096,-0.0018505388870835304
meta-llama__Llama-2-7b-hf,meta-llama__Llama-3.1-8B-Instruct,1,4096,-0.008025026880204678
meta-llama__Llama-2-7b-hf,meta-llama__Llama-3.1-8B-Instruct,2,4096,0.008953386917710304
meta-llama__Llama-2-7b-hf,meta-llama__Llama-3.1-8B-Instruct,3,4096,-0.0017534137004986405
meta-llama__Llama-2-7b-hf,meta-llama__Llama-3.1-8B-Instruct,4,4096,-0.019923627376556396
meta-llama__Llama-2-7b-hf,meta-llama__Llama-3.1-8B-Instruct,5,4096,-0.0041396766901016235
meta-llama__Llama-2-7b-hf,meta-llama__Llama-3.1-8B-Instruct,6,4096,-0.012593808583915234
meta-llama__Llama-2-7b-hf,meta-llama__Llama-3.1-8B-Instruct,7,4096,-0.02054523676633835
meta-llama__Llama-2-7b-hf,meta-llama__Llama-3.1-8B-Instruct,8,4096,0.00958050973713398
meta-llama__Llama-2-7b-hf,meta-llama__Llama-3.1-8B-Instruct,9,4096,0.026208018884062767
meta-llama__Llama-2-7b-hf,meta-llama__Llama-3.1-8B-Instruct,10,4096,0.03261575102806091
meta-llama__Llama-2-7b-hf,meta-llama__Llama-3.1-8B-Instruct,11,4096,0.016924479976296425
meta-llama__Llama-2-7b-hf,meta-llama__Llama-3.1-8B-Instruct,12,4096,0.0240237545222044
meta-llama__Llama-2-7b-hf,meta-llama__Llama-3.1-8B-Instruct,13,4096,0.035456907004117966
meta-llama__Llama-2-7b-hf,meta-llama__Llama-3.1-8B-Instruct,14,4096,0.030826644971966743
meta-llama__Llama-2-7b-hf,meta-llama__Llama-3.1-8B-Instruct,15,4096,0.02830435149371624
meta-llama__Llama-2-7b-hf,meta-llama__Llama-3.1-8B-Instruct,16,4096,0.014400149695575237
meta-llama__Llama-2-7b-hf,meta-llama__Llama-3.1-8B-Instruct,17,4096,-0.006302585359662771
meta-llama__Llama-2-7b-hf,meta-llama__Llama-3.1-8B-Instruct,18,4096,0.0025419993326067924
meta-llama__Llama-2-7b-hf,meta-llama__Llama-3.1-8B-Instruct,19,4096,-0.007334575522691011
meta-llama__Llama-2-7b-hf,meta-llama__Llama-3.1-8B-Instruct,20,4096,0.012023751623928547
meta-llama__Llama-2-7b-hf,meta-llama__Llama-3.1-8B-Instruct,21,4096,1.0738149285316467e-06
meta-llama__Llama-2-7b-hf,meta-llama__Llama-3.1-8B-Instruct,22,4096,0.00596964918076992
meta-llama__Llama-2-7b-hf,meta-llama__Llama-3.1-8B-Instruct,23,4096,-0.0007828404195606709
meta-llama__Llama-2-7b-hf,meta-llama__Llama-3.1-8B-Instruct,24,4096,-0.004197498317807913
meta-llama__Llama-2-7b-hf,meta-llama__Llama-3.1-8B-Instruct,25,4096,0.0013326024636626244
meta-llama__Llama-2-7b-hf,meta-llama__Llama-3.1-8B-Instruct,26,4096,-0.0049159834161400795
meta-llama__Llama-2-7b-hf,meta-llama__Llama-3.1-8B-Instruct,27,4096,-0.009631714783608913
meta-llama__Llama-2-7b-hf,meta-llama__Llama-3.1-8B-Instruct,28,4096,-0.00755553413182497
meta-llama__Llama-2-7b-hf,meta-llama__Llama-3.1-8B-Instruct,29,4096,-0.0028790091164410114
meta-llama__Llama-2-7b-hf,meta-llama__Llama-3.1-8B-Instruct,30,4096,0.007105294615030289
meta-llama__Llama-2-7b-hf,meta-llama__Llama-3.1-8B-Instruct,31,4096,0.012869240716099739
meta-llama__Llama-2-7b-hf,mistralai__Mistral-7B-Instruct-v0.3,0,4096,0.012156241573393345
meta-llama__Llama-2-7b-hf,mistralai__Mistral-7B-Instruct-v0.3,1,4096,0.008954514749348164
meta-llama__Llama-2-7b-hf,mistralai__Mistral-7B-Instruct-v0.3,2,4096,-0.0029617089312523603
meta-llama__Llama-2-7b-hf,mistralai__Mistral-7B-Instruct-v0.3,3,4096,0.009621077217161655
meta-llama__Llama-2-7b-hf,mistralai__Mistral-7B-Instruct-v0.3,4,4096,-0.0045837820507586
meta-llama__Llama-2-7b-hf,mistralai__Mistral-7B-Instruct-v0.3,5,4096,0.0008981900755316019
meta-llama__Llama-2-7b-hf,mistralai__Mistral-7B-Instruct-v0.3,6,4096,-0.014334503561258316
meta-llama__Llama-2-7b-hf,mistralai__Mistral-7B-Instruct-v0.3,7,4096,0.0033585550263524055
meta-llama__Llama-2-7b-hf,mistralai__Mistral-7B-Instruct-v0.3,8,4096,0.008935519494116306
meta-llama__Llama-2-7b-hf,mistralai__Mistral-7B-Instruct-v0.3,9,4096,0.029179850593209267
meta-llama__Llama-2-7b-hf,mistralai__Mistral-7B-Instruct-v0.3,10,4096,0.027386721223592758
meta-llama__Llama-2-7b-hf,mistralai__Mistral-7B-Instruct-v0.3,11,4096,0.015839288011193275
meta-llama__Llama-2-7b-hf,mistralai__Mistral-7B-Instruct-v0.3,12,4096,0.018534744158387184
meta-llama__Llama-2-7b-hf,mistralai__Mistral-7B-Instruct-v0.3,13,4096,0.010534530505537987
meta-llama__Llama-2-7b-hf,mistralai__Mistral-7B-Instruct-v0.3,14,4096,0.026517217978835106
meta-llama__Llama-2-7b-hf,mistralai__Mistral-7B-Instruct-v0.3,15,4096,0.026045843958854675
meta-llama__Llama-2-7b-hf,mistralai__Mistral-7B-Instruct-v0.3,16,4096,0.033339451998472214
meta-llama__Llama-2-7b-hf,mistralai__Mistral-7B-Instruct-v0.3,17,4096,0.021079713478684425
meta-llama__Llama-2-7b-hf,mistralai__Mistral-7B-Instruct-v0.3,18,4096,0.030860567465424538
meta-llama__Llama-2-7b-hf,mistralai__Mistral-7B-Instruct-v0.3,19,4096,0.035217929631471634
meta-llama__Llama-2-7b-hf,mistralai__Mistral-7B-Instruct-v0.3,20,4096,0.03493496775627136
meta-llama__Llama-2-7b-hf,mistralai__Mistral-7B-Instruct-v0.3,21,4096,0.026014918461441994
meta-llama__Llama-2-7b-hf,mistralai__Mistral-7B-Instruct-v0.3,22,4096,0.03296325355768204
meta-llama__Llama-2-7b-hf,mistralai__Mistral-7B-Instruct-v0.3,23,4096,0.027934163808822632
meta-llama__Llama-2-7b-hf,mistralai__Mistral-7B-Instruct-v0.3,24,4096,0.03222735598683357
meta-llama__Llama-2-7b-hf,mistralai__Mistral-7B-Instruct-v0.3,25,4096,0.035487543791532516
meta-llama__Llama-2-7b-hf,mistralai__Mistral-7B-Instruct-v0.3,26,4096,0.036912284791469574
meta-llama__Llama-2-7b-hf,mistralai__Mistral-7B-Instruct-v0.3,27,4096,0.025355475023388863
meta-llama__Llama-2-7b-hf,mistralai__Mistral-7B-Instruct-v0.3,28,4096,0.022406207397580147
meta-llama__Llama-2-7b-hf,mistralai__Mistral-7B-Instruct-v0.3,29,4096,0.019028259441256523
meta-llama__Llama-2-7b-hf,mistralai__Mistral-7B-Instruct-v0.3,30,4096,0.014402788132429123
meta-llama__Llama-2-7b-hf,mistralai__Mistral-7B-Instruct-v0.3,31,4096,-0.009513763710856438
meta-llama__Llama-2-7b-hf,mistralai__Mistral-7B-v0.3,0,4096,0.009090802632272243
meta-llama__Llama-2-7b-hf,mistralai__Mistral-7B-v0.3,1,4096,-0.005959787406027317
meta-llama__Llama-2-7b-hf,mistralai__Mistral-7B-v0.3,2,4096,-0.004401911981403828
meta-llama__Llama-2-7b-hf,mistralai__Mistral-7B-v0.3,3,4096,-0.0025860248133540154
meta-llama__Llama-2-7b-hf,mistralai__Mistral-7B-v0.3,4,4096,0.0138454744592309
meta-llama__Llama-2-7b-hf,mistralai__Mistral-7B-v0.3,5,4096,0.02501041069626808
meta-llama__Llama-2-7b-hf,mistralai__Mistral-7B-v0.3,6,4096,0.0075174844823777676
meta-llama__Llama-2-7b-hf,mistralai__Mistral-7B-v0.3,7,4096,0.005091854836791754
meta-llama__Llama-2-7b-hf,mistralai__Mistral-7B-v0.3,8,4096,0.013852748088538647
meta-llama__Llama-2-7b-hf,mistralai__Mistral-7B-v0.3,9,4096,0.03818897902965546
meta-llama__Llama-2-7b-hf,mistralai__Mistral-7B-v0.3,10,4096,0.03414081037044525
meta-llama__Llama-2-7b-hf,mistralai__Mistral-7B-v0.3,11,4096,0.01882830075919628
meta-llama__Llama-2-7b-hf,mistralai__Mistral-7B-v0.3,12,4096,0.021575547754764557
meta-llama__Llama-2-7b-hf,mistralai__Mistral-7B-v0.3,13,4096,0.007901608012616634
meta-llama__Llama-2-7b-hf,mistralai__Mistral-7B-v0.3,14,4096,0.02544659748673439
meta-llama__Llama-2-7b-hf,mistralai__Mistral-7B-v0.3,15,4096,0.022560549899935722
meta-llama__Llama-2-7b-hf,mistralai__Mistral-7B-v0.3,16,4096,0.0262332521378994
meta-llama__Llama-2-7b-hf,mistralai__Mistral-7B-v0.3,17,4096,0.022981509566307068
meta-llama__Llama-2-7b-hf,mistralai__Mistral-7B-v0.3,18,4096,0.03757981210947037
meta-llama__Llama-2-7b-hf,mistralai__Mistral-7B-v0.3,19,4096,0.038153763860464096
meta-llama__Llama-2-7b-hf,mistralai__Mistral-7B-v0.3,20,4096,0.04294762760400772
meta-llama__Llama-2-7b-hf,mistralai__Mistral-7B-v0.3,21,4096,0.02995939552783966
meta-llama__Llama-2-7b-hf,mistralai__Mistral-7B-v0.3,22,4096,0.03616313263773918
meta-llama__Llama-2-7b-hf,mistralai__Mistral-7B-v0.3,23,4096,0.028707275167107582
meta-llama__Llama-2-7b-hf,mistralai__Mistral-7B-v0.3,24,4096,0.032925184816122055
meta-llama__Llama-2-7b-hf,mistralai__Mistral-7B-v0.3,25,4096,0.0357387475669384
meta-llama__Llama-2-7b-hf,mistralai__Mistral-7B-v0.3,26,4096,0.037454210221767426
meta-llama__Llama-2-7b-hf,mistralai__Mistral-7B-v0.3,27,4096,0.022817092016339302
meta-llama__Llama-2-7b-hf,mistralai__Mistral-7B-v0.3,28,4096,0.02256782352924347
meta-llama__Llama-2-7b-hf,mistralai__Mistral-7B-v0.3,29,4096,0.017179513350129128
meta-llama__Llama-2-7b-hf,mistralai__Mistral-7B-v0.3,30,4096,0.011517420411109924
meta-llama__Llama-2-7b-hf,mistralai__Mistral-7B-v0.3,31,4096,-0.010115022771060467
meta-llama__Llama-3.1-8B,mistralai__Mistral-7B-Instruct-v0.3,0,4096,-0.0008413168252445757
meta-llama__Llama-3.1-8B,mistralai__Mistral-7B-Instruct-v0.3,1,4096,0.0013427786761894822
meta-llama__Llama-3.1-8B,mistralai__Mistral-7B-Instruct-v0.3,2,4096,-0.00040929243550635874
meta-llama__Llama-3.1-8B,mistralai__Mistral-7B-Instruct-v0.3,3,4096,-0.002168306615203619
meta-llama__Llama-3.1-8B,mistralai__Mistral-7B-Instruct-v0.3,4,4096,-0.016564972698688507
meta-llama__Llama-3.1-8B,mistralai__Mistral-7B-Instruct-v0.3,5,4096,-0.021776318550109863
meta-llama__Llama-3.1-8B,mistralai__Mistral-7B-Instruct-v0.3,6,4096,0.012162229977548122
meta-llama__Llama-3.1-8B,mistralai__Mistral-7B-Instruct-v0.3,7,4096,0.007297822739928961
meta-llama__Llama-3.1-8B,mistralai__Mistral-7B-Instruct-v0.3,8,4096,0.012828723527491093
meta-llama__Llama-3.1-8B,mistralai__Mistral-7B-Instruct-v0.3,9,4096,-0.004343799315392971
meta-llama__Llama-3.1-8B,mistralai__Mistral-7B-Instruct-v0.3,10,4096,-0.018151143565773964
meta-llama__Llama-3.1-8B,mistralai__Mistral-7B-Instruct-v0.3,11,4096,-0.019927475601434708
meta-llama__Llama-3.1-8B,mistralai__Mistral-7B-Instruct-v0.3,12,4096,-0.03561696410179138
meta-llama__Llama-3.1-8B,mistralai__Mistral-7B-Instruct-v0.3,13,4096,-0.030720191076397896
meta-llama__Llama-3.1-8B,mistralai__Mistral-7B-Instruct-v0.3,14,4096,-0.02744770608842373
meta-llama__Llama-3.1-8B,mistralai__Mistral-7B-Instruct-v0.3,15,4096,-0.025874512270092964
meta-llama__Llama-3.1-8B,mistralai__Mistral-7B-Instruct-v0.3,16,4096,-0.020321400836110115
meta-llama__Llama-3.1-8B,mistralai__Mistral-7B-Instruct-v0.3,17,4096,0.003924190066754818
meta-llama__Llama-3.1-8B,mistralai__Mistral-7B-Instruct-v0.3,18,4096,-0.005675985012203455
meta-llama__Llama-3.1-8B,mistralai__Mistral-7B-Instruct-v0.3,19,4096,-0.010479486547410488
meta-llama__Llama-3.1-8B,mistralai__Mistral-7B-Instruct-v0.3,20,4096,-0.01311088353395462
meta-llama__Llama-3.1-8B,mistralai__Mistral-7B-Instruct-v0.3,21,4096,-0.012685210444033146
meta-llama__Llama-3.1-8B,mistralai__Mistral-7B-Instruct-v0.3,22,4096,-0.01327706128358841
meta-llama__Llama-3.1-8B,mistralai__Mistral-7B-Instruct-v0.3,23,4096,-0.004245927091687918
meta-llama__Llama-3.1-8B,mistralai__Mistral-7B-Instruct-v0.3,24,4096,-0.006499066017568111
meta-llama__Llama-3.1-8B,mistralai__Mistral-7B-Instruct-v0.3,25,4096,-0.00651131384074688
meta-llama__Llama-3.1-8B,mistralai__Mistral-7B-Instruct-v0.3,26,4096,-0.009346764534711838
meta-llama__Llama-3.1-8B,mistralai__Mistral-7B-Instruct-v0.3,27,4096,-0.013176796957850456
meta-llama__Llama-3.1-8B,mistralai__Mistral-7B-Instruct-v0.3,28,4096,-0.014941182918846607
meta-llama__Llama-3.1-8B,mistralai__Mistral-7B-Instruct-v0.3,29,4096,-0.008573037572205067
meta-llama__Llama-3.1-8B,mistralai__Mistral-7B-Instruct-v0.3,30,4096,-0.011595843359827995
meta-llama__Llama-3.1-8B,mistralai__Mistral-7B-Instruct-v0.3,31,4096,0.0006441548466682434
meta-llama__Llama-3.1-8B,mistralai__Mistral-7B-v0.3,0,4096,0.0031614946201443672
meta-llama__Llama-3.1-8B,mistralai__Mistral-7B-v0.3,1,4096,-0.013991184532642365
meta-llama__Llama-3.1-8B,mistralai__Mistral-7B-v0.3,2,4096,0.022425498813390732
meta-llama__Llama-3.1-8B,mistralai__Mistral-7B-v0.3,3,4096,0.004205093253403902
meta-llama__Llama-3.1-8B,mistralai__Mistral-7B-v0.3,4,4096,-0.009082510136067867
meta-llama__Llama-3.1-8B,mistralai__Mistral-7B-v0.3,5,4096,-0.01960582472383976
meta-llama__Llama-3.1-8B,mistralai__Mistral-7B-v0.3,6,4096,0.007747812196612358
meta-llama__Llama-3.1-8B,mistralai__Mistral-7B-v0.3,7,4096,0.009894391521811485
meta-llama__Llama-3.1-8B,mistralai__Mistral-7B-v0.3,8,4096,-0.0021972355898469687
meta-llama__Llama-3.1-8B,mistralai__Mistral-7B-v0.3,9,4096,-0.015621891245245934
meta-llama__Llama-3.1-8B,mistralai__Mistral-7B-v0.3,10,4096,-0.014670531265437603
meta-llama__Llama-3.1-8B,mistralai__Mistral-7B-v0.3,11,4096,-0.01746557466685772
meta-llama__Llama-3.1-8B,mistralai__Mistral-7B-v0.3,12,4096,-0.039615120738744736
meta-llama__Llama-3.1-8B,mistralai__Mistral-7B-v0.3,13,4096,-0.03183839097619057
meta-llama__Llama-3.1-8B,mistralai__Mistral-7B-v0.3,14,4096,-0.0368078239262104
meta-llama__Llama-3.1-8B,mistralai__Mistral-7B-v0.3,15,4096,-0.029675696045160294
meta-llama__Llama-3.1-8B,mistralai__Mistral-7B-v0.3,16,4096,-0.023080984130501747
meta-llama__Llama-3.1-8B,mistralai__Mistral-7B-v0.3,17,4096,-8.86884517967701e-05
meta-llama__Llama-3.1-8B,mistralai__Mistral-7B-v0.3,18,4096,-0.006917942781001329
meta-llama__Llama-3.1-8B,mistralai__Mistral-7B-v0.3,19,4096,-0.01193897146731615
meta-llama__Llama-3.1-8B,mistralai__Mistral-7B-v0.3,20,4096,-0.012997650541365147
meta-llama__Llama-3.1-8B,mistralai__Mistral-7B-v0.3,21,4096,-0.010005570948123932
meta-llama__Llama-3.1-8B,mistralai__Mistral-7B-v0.3,22,4096,-0.008536186069250107
meta-llama__Llama-3.1-8B,mistralai__Mistral-7B-v0.3,23,4096,0.003444854635745287
meta-llama__Llama-3.1-8B,mistralai__Mistral-7B-v0.3,24,4096,3.6771412851521745e-05
meta-llama__Llama-3.1-8B,mistralai__Mistral-7B-v0.3,25,4096,0.0034287446178495884
meta-llama__Llama-3.1-8B,mistralai__Mistral-7B-v0.3,26,4096,9.649991989135742e-05
meta-llama__Llama-3.1-8B,mistralai__Mistral-7B-v0.3,27,4096,-0.001235615462064743
meta-llama__Llama-3.1-8B,mistralai__Mistral-7B-v0.3,28,4096,-0.004754623863846064
meta-llama__Llama-3.1-8B,mistralai__Mistral-7B-v0.3,29,4096,-0.0018361593829467893
meta-llama__Llama-3.1-8B,mistralai__Mistral-7B-v0.3,30,4096,-0.008502551354467869
meta-llama__Llama-3.1-8B,mistralai__Mistral-7B-v0.3,31,4096,0.0007953895255923271
meta-llama__Llama-3.1-8B-Instruct,mistralai__Mistral-7B-Instruct-v0.3,0,4096,0.004584052134305239
meta-llama__Llama-3.1-8B-Instruct,mistralai__Mistral-7B-Instruct-v0.3,1,4096,0.0011663725599646568
meta-llama__Llama-3.1-8B-Instruct,mistralai__Mistral-7B-Instruct-v0.3,2,4096,-0.00032077767536975443
meta-llama__Llama-3.1-8B-Instruct,mistralai__Mistral-7B-Instruct-v0.3,3,4096,0.004799453541636467
meta-llama__Llama-3.1-8B-Instruct,mistralai__Mistral-7B-Instruct-v0.3,4,4096,-0.018322113901376724
meta-llama__Llama-3.1-8B-Instruct,mistralai__Mistral-7B-Instruct-v0.3,5,4096,-0.026817724108695984
meta-llama__Llama-3.1-8B-Instruct,mistralai__Mistral-7B-Instruct-v0.3,6,4096,0.006725815124809742
meta-llama__Llama-3.1-8B-Instruct,mistralai__Mistral-7B-Instruct-v0.3,7,4096,0.0017295635771006346
meta-llama__Llama-3.1-8B-Instruct,mistralai__Mistral-7B-Instruct-v0.3,8,4096,0.0073771970346570015
meta-llama__Llama-3.1-8B-Instruct,mistralai__Mistral-7B-Instruct-v0.3,9,4096,-0.000682464858982712
meta-llama__Llama-3.1-8B-Instruct,mistralai__Mistral-7B-Instruct-v0.3,10,4096,-0.01038374938070774
meta-llama__Llama-3.1-8B-Instruct,mistralai__Mistral-7B-Instruct-v0.3,11,4096,-0.014631797559559345
meta-llama__Llama-3.1-8B-Instruct,mistralai__Mistral-7B-Instruct-v0.3,12,4096,-0.0070196837186813354
meta-llama__Llama-3.1-8B-Instruct,mistralai__Mistral-7B-Instruct-v0.3,13,4096,-0.011475312523543835
meta-llama__Llama-3.1-8B-Instruct,mistralai__Mistral-7B-Instruct-v0.3,14,4096,-0.010603873990476131
meta-llama__Llama-3.1-8B-Instruct,mistralai__Mistral-7B-Instruct-v0.3,15,4096,-0.01550700981169939
meta-llama__Llama-3.1-8B-Instruct,mistralai__Mistral-7B-Instruct-v0.3,16,4096,-0.009363665245473385
meta-llama__Llama-3.1-8B-Instruct,mistralai__Mistral-7B-Instruct-v0.3,17,4096,-0.000976246315985918
meta-llama__Llama-3.1-8B-Instruct,mistralai__Mistral-7B-Instruct-v0.3,18,4096,-0.01691908948123455
meta-llama__Llama-3.1-8B-Instruct,mistralai__Mistral-7B-Instruct-v0.3,19,4096,-0.01779353618621826
meta-llama__Llama-3.1-8B-Instruct,mistralai__Mistral-7B-Instruct-v0.3,20,4096,-0.018267232924699783
meta-llama__Llama-3.1-8B-Instruct,mistralai__Mistral-7B-Instruct-v0.3,21,4096,-0.015526865608990192
meta-llama__Llama-3.1-8B-Instruct,mistralai__Mistral-7B-Instruct-v0.3,22,4096,-0.013204819522798061
meta-llama__Llama-3.1-8B-Instruct,mistralai__Mistral-7B-Instruct-v0.3,23,4096,-0.007916918955743313
meta-llama__Llama-3.1-8B-Instruct,mistralai__Mistral-7B-Instruct-v0.3,24,4096,-0.010381667874753475
meta-llama__Llama-3.1-8B-Instruct,mistralai__Mistral-7B-Instruct-v0.3,25,4096,-0.013279920443892479
meta-llama__Llama-3.1-8B-Instruct,mistralai__Mistral-7B-Instruct-v0.3,26,4096,-0.019221575930714607
meta-llama__Llama-3.1-8B-Instruct,mistralai__Mistral-7B-Instruct-v0.3,27,4096,-0.022481080144643784
meta-llama__Llama-3.1-8B-Instruct,mistralai__Mistral-7B-Instruct-v0.3,28,4096,-0.024133456870913506
meta-llama__Llama-3.1-8B-Instruct,mistralai__Mistral-7B-Instruct-v0.3,29,4096,-0.017685795202851295
meta-llama__Llama-3.1-8B-Instruct,mistralai__Mistral-7B-Instruct-v0.3,30,4096,-0.0161123163998127
meta-llama__Llama-3.1-8B-Instruct,mistralai__Mistral-7B-Instruct-v0.3,31,4096,-0.001984468661248684
meta-llama__Llama-3.1-8B-Instruct,mistralai__Mistral-7B-v0.3,0,4096,0.008108513429760933
meta-llama__Llama-3.1-8B-Instruct,mistralai__Mistral-7B-v0.3,1,4096,-0.013070840388536453
meta-llama__Llama-3.1-8B-Instruct,mistralai__Mistral-7B-v0.3,2,4096,0.028977584093809128
meta-llama__Llama-3.1-8B-Instruct,mistralai__Mistral-7B-v0.3,3,4096,0.008612529374659061
meta-llama__Llama-3.1-8B-Instruct,mistralai__Mistral-7B-v0.3,4,4096,-0.013023589737713337
meta-llama__Llama-3.1-8B-Instruct,mistralai__Mistral-7B-v0.3,5,4096,-0.0262379702180624
meta-llama__Llama-3.1-8B-Instruct,mistralai__Mistral-7B-v0.3,6,4096,0.008509556762874126
meta-llama__Llama-3.1-8B-Instruct,mistralai__Mistral-7B-v0.3,7,4096,0.007828563451766968
meta-llama__Llama-3.1-8B-Instruct,mistralai__Mistral-7B-v0.3,8,4096,0.00033383446861989796
meta-llama__Llama-3.1-8B-Instruct,mistralai__Mistral-7B-v0.3,9,4096,-0.005974879954010248
meta-llama__Llama-3.1-8B-Instruct,mistralai__Mistral-7B-v0.3,10,4096,-0.005422605667263269
meta-llama__Llama-3.1-8B-Instruct,mistralai__Mistral-7B-v0.3,11,4096,-0.010021069087088108
meta-llama__Llama-3.1-8B-Instruct,mistralai__Mistral-7B-v0.3,12,4096,-0.009619083255529404
meta-llama__Llama-3.1-8B-Instruct,mistralai__Mistral-7B-v0.3,13,4096,-0.014763044193387032
meta-llama__Llama-3.1-8B-Instruct,mistralai__Mistral-7B-v0.3,14,4096,-0.01927800476551056
meta-llama__Llama-3.1-8B-Instruct,mistralai__Mistral-7B-v0.3,15,4096,-0.016597634181380272
meta-llama__Llama-3.1-8B-Instruct,mistralai__Mistral-7B-v0.3,16,4096,-0.007326304446905851
meta-llama__Llama-3.1-8B-Instruct,mistralai__Mistral-7B-v0.3,17,4096,-0.0003081834875047207
meta-llama__Llama-3.1-8B-Instruct,mistralai__Mistral-7B-v0.3,18,4096,-0.012234610505402088
meta-llama__Llama-3.1-8B-Instruct,mistralai__Mistral-7B-v0.3,19,4096,-0.01700781099498272
meta-llama__Llama-3.1-8B-Instruct,mistralai__Mistral-7B-v0.3,20,4096,-0.016721826046705246
meta-llama__Llama-3.1-8B-Instruct,mistralai__Mistral-7B-v0.3,21,4096,-0.011638179421424866
meta-llama__Llama-3.1-8B-Instruct,mistralai__Mistral-7B-v0.3,22,4096,-0.009122827090322971
meta-llama__Llama-3.1-8B-Instruct,mistralai__Mistral-7B-v0.3,23,4096,-0.00047644833102822304
meta-llama__Llama-3.1-8B-Instruct,mistralai__Mistral-7B-v0.3,24,4096,-0.004772743210196495
meta-llama__Llama-3.1-8B-Instruct,mistralai__Mistral-7B-v0.3,25,4096,-0.003803997067734599
meta-llama__Llama-3.1-8B-Instruct,mistralai__Mistral-7B-v0.3,26,4096,-0.010149847716093063
meta-llama__Llama-3.1-8B-Instruct,mistralai__Mistral-7B-v0.3,27,4096,-0.011754866689443588
meta-llama__Llama-3.1-8B-Instruct,mistralai__Mistral-7B-v0.3,28,4096,-0.014943531714379787
meta-llama__Llama-3.1-8B-Instruct,mistralai__Mistral-7B-v0.3,29,4096,-0.010682261548936367
meta-llama__Llama-3.1-8B-Instruct,mistralai__Mistral-7B-v0.3,30,4096,-0.012320197187364101
meta-llama__Llama-3.1-8B-Instruct,mistralai__Mistral-7B-v0.3,31,4096,-0.001163741573691368
